Year,Jan_16,Jan_17,Jan_18,Jan_19,Jan_20,Jan_23,Jan_24,Jan_25,Jan_26,Jan_27
2024/3/1,0.04199509,0.04261644,0.04189871,0.04223437,0.04276466,0.04301232,0.04296586,0.04252891,0.0425789,0.04341397
2025/3/1,0.03559085,0.03541378,0.03446128,0.03459305,0.03539904,0.03580108,0.03604034,0.03539172,0.03526484,0.03634259
2026/3/1,0.0330492,0.03267543,0.03182901,0.03156442,0.03228178,0.03269062,0.03279085,0.03208562,0.03196575,0.03301924
2027/3/1,0.03055793,0.03026758,0.02896507,0.02883935,0.02991783,0.03011723,0.03007372,0.02967235,0.02979375,0.03068874
2028/3/1,0.02943044,0.02919531,0.02801387,0.02805235,0.02925002,0.02941087,0.02932326,0.02900258,0.02921151,0.03010199
