Year,Jan_16,Jan_17,Jan_18,Jan_19,Jan_20,Jan_23,Jan_24,Jan_25,Jan_26,Jan_27
2024/3/1,0.04121847,0.04181937,0.04112721,0.0414524,0.04196288,0.04220127,0.04215797,0.0417389,0.0417868,0.0425947
2024/9/1,0.03723202,0.03746166,0.03665683,0.03721478,0.03790369,0.03801979,0.0381264,0.03764172,0.03761418,0.03890911
2025/3/1,0.03496527,0.0347889,0.03386514,0.03399032,0.03477224,0.03516355,0.03539743,0.034769,0.03464498,0.03568854
2025/9/1,0.03393659,0.03388285,0.03275209,0.03277975,0.03347225,0.03377027,0.03384215,0.0332048,0.03310908,0.03431043
2026/3/1,0.03252877,0.03216512,0.03134473,0.03108655,0.03178246,0.03217936,0.03227661,0.03159261,0.0314762,0.03249745
2026/9/1,0.03112432,0.03077193,0.02957395,0.02943455,0.03048299,0.03067967,0.0306634,0.03025666,0.03030431,0.0311392
2027/3/1,0.0300148,0.02972908,0.02845625,0.02833077,0.0293857,0.02957791,0.02953346,0.02914753,0.02926938,0.03013607
2027/9/1,0.02915547,0.02887265,0.02773973,0.02774096,0.02883976,0.02907397,0.02904889,0.02873736,0.02886181,0.02974205
2028/3/1,0.02871998,0.02848739,0.02732994,0.0273714,0.02856021,0.0287096,0.02861574,0.02831841,0.02853731,0.02939642
